structure_code,temperature_k,source,temperature_column,temperature_remark,line_number
AYUTIA,123.0,temperature_column,123.0,,2
CAMLEL,133.0,temperature_column,133.0,,3
EBOVAW,173.0,temperature_column,173.0,,4
GANROG,100.0,temperature_column,100.0,,5
GAQRUP,150.0,temperature_column,150.0,,6
JAJWIE,298.0,temperature_column,298.0,,7
JAMTEA,100.0,temperature_column,100.0,,8
KASCAM,100.0,temperature_column,100.0,,9
LANZEJ,150.0,temperature_column,150.0,,10
LAPMAU,150.0,temperature_column,150.0,,11
NANTEF,100.0,temperature_column,100.0,,12
NARPIJ,198.0,temperature_column,198.0,,13
NAVSOW,100.0,temperature_column,100.0,,14
NAVSUC,100.0,temperature_column,100.0,,15
RANSIM,123.0,temperature_column,123.0,,16
SALFIY,100.0,temperature_column,100.0,,17
WAWJEN,100.0,temperature_column,100.0,,18
XAVMAM,100.0,temperature_column,100.0,,19
ZAKSUD,100.0,temperature_column,100.0,,20
ABICAP,173.0,temperature_column,173.0,,21
ACAMAV,100.0,temperature_column,100.0,,22
ADEBAO,100.0,temperature_column,100.0,,23
ADUBOR,220.0,temperature_column,220.0,,24
AFOKEL,173.0,temperature_column,173.0,,25
AFOREV,100.0,temperature_column,100.0,,26
AGEHEZ,293.0,temperature_column,293.0,,27
AGISUF,173.0,temperature_column,173.0,,28
AHAVUA,220.0,temperature_column,220.0,,29
AHEDUN,143.0,temperature_column,143.0,,30
AJENAE,183.0,temperature_column,183.0,,31
AKAXIV,150.0,temperature_column,150.0,,32
AKEXOF,100.0,temperature_column,100.0,,33
AKIKAH,123.0,temperature_column,123.0,,34
AKIQAP,180.0,temperature_column,180.0,,35
AKIQET,180.0,temperature_column,180.0,,36
AKIYEB,140.0,temperature_column,140.0,,37
AKIYOL,140.0,temperature_column,140.0,,38
AKUTOR,100.0,temperature_column,100.0,,39
ALEXOG,100.0,temperature_column,100.0,,40
ANUDUJ,100.0,temperature_column,100.0,,41
APIHUE,150.0,temperature_column,150.0,,42
APOTEE,133.0,temperature_column,133.0,,43
ARODUI,93.0,temperature_column,93.0,,44
AROXAJ,98.0,temperature_column,98.0,,45
ASASIX,293.0,temperature_column,293.0,,46
ASATEW,173.0,temperature_column,173.0,,47
ASOKEB,100.0,temperature_column,100.0,,48
ASOVOW,100.0,temperature_column,100.0,,49
ASUHUT,294.0,temperature_column,294.0,,50
ATUQIQ,185.0,temperature_column,185.0,,51
AWAHEO,90.0,temperature_column,90.0,,52
BACWEJ,133.0,temperature_column,133.0,,53
BADLEZ,100.0,temperature_column,100.0,,54
BADQAA,100.0,temperature_column,100.0,,55
BAJLII,190.0,temperature_column,190.0,,56
BAPQER,100.0,temperature_column,100.0,,57
BAPYUN,296.0,temperature_column,296.0,,58
BAXPOH,100.0,temperature_column,100.0,,59
BAZRAX,123.0,temperature_column,123.0,,60
BEJVUJ,110.0,temperature_column,110.0,,61
BEJWEU,110.0,temperature_column,110.0,,62
BEJWOE,173.0,temperature_column,173.0,,63
BEJWUK,200.0,temperature_column,200.0,,64
BELBAW,103.0,temperature_column,103.0,,65
BELNOY,180.0,temperature_column,180.0,,66
BETLUK,130.0,temperature_column,130.0,,67
BEYDIS,153.0,temperature_column,153.0,,68
BICJIH,203.0,temperature_column,203.0,,69
BICXIW,185.0,temperature_column,185.0,,70
BILBED,295.0,temperature_column,295.0,,71
BIRYEJ,203.0,temperature_column,203.0,,72
BOBTUH,295.0,temperature_column,295.0,,73
BODNIR,208.0,temperature_column,208.0,,74
BOHJEQ,120.0,temperature_column,120.0,,75
BOHYUU,90.0,temperature_column,90.0,,76
BOKVOP,100.0,temperature_column,100.0,,77
BOQJEX,150.0,temperature_column,150.0,,78
BOQJIB,150.0,temperature_column,150.0,,79
BOSSIM,100.0,temperature_column,100.0,,80
BOTGAU,100.0,temperature_column,100.0,,81
BUHXIN,100.0,temperature_column,100.0,,82
BUJMUP,150.0,temperature_column,150.0,,83
BUJRIJ,123.0,temperature_column,123.0,,84
CACKAW,100.0,temperature_column,100.0,,85
CAFHAW,100.0,temperature_column,100.0,,86
CAFHUQ,100.0,temperature_column,100.0,,87
CAPROD,150.0,temperature_column,150.0,,88
CAQJEK,173.0,temperature_column,173.0,,89
CATVOL,100.0,temperature_column,100.0,,90
CAXZAD,100.0,temperature_column,100.0,,91
CAYRIF,100.0,temperature_column,100.0,,92
CAZPIF,100.0,temperature_column,100.0,,93
CDFPBC,295.0,temperature_column,295.0,,94
CEBCEU,88.0,temperature_column,88.0,,95
CEBLAZ,133.0,temperature_column,133.0,,96
CEBNEF,133.0,temperature_column,133.0,,97
CEBTEL,100.0,temperature_column,100.0,,98
CECFOH,100.0,temperature_column,100.0,,99
CEDMEE,93.0,temperature_column,93.0,,100
CEDMOO,130.0,temperature_column,130.0,,101
CELRIX,100.0,temperature_column,100.0,,102
CERTAV,113.0,temperature_column,113.0,,103
CERTIE,100.0,temperature_column,100.0,,104
CESFIR,100.0,temperature_column,100.0,,105
CESSOK,100.0,temperature_column,100.0,,106
CETVII,100.0,temperature_column,100.0,,107
CEXFUI,123.0,temperature_column,123.0,,108
CEZXIP,173.0,temperature_column,173.0,,109
CIFPUE,110.0,temperature_column,110.0,,110
CIGFAC,295.0,temperature_column,295.0,,111
CIJFIN,150.0,temperature_column,150.0,,112
CIJRIW,153.0,temperature_column,153.0,,113
CILYED,100.0,temperature_column,100.0,,114
CIWLIE,223.0,temperature_column,223.0,,115
CIWLOK,219.0,temperature_column,219.0,,116
CIYTOW,150.0,temperature_column,150.0,,117
CIZZET,123.0,temperature_column,123.0,,118
COJRIF,120.0,temperature_column,120.0,,119
COKDOX,150.0,temperature_column,150.0,,120
COPZEM,295.0,temperature_column,295.0,,121
CORMAZ,173.0,temperature_column,173.0,,122
COYYOH,100.0,temperature_column,100.0,,123
COYZOI,100.0,temperature_column,100.0,,124
CUBROJ,100.0,temperature_column,100.0,,125
CUFTAA,173.0,temperature_column,173.0,,126
CUHBOY,173.0,temperature_column,173.0,,127
CUJLUP,148.0,temperature_column,148.0,,128
CUKNOM,150.0,temperature_column,150.0,,129
CUMGEY,150.0,temperature_column,150.0,,130
CUQFEB,100.0,temperature_column,100.0,,131
CUTYEY,100.0,temperature_column,100.0,,132
CUVTAP,90.0,temperature_column,90.0,,133
CUXWEX10,295.0,temperature_column,295.0,,134
DAFMUT,150.0,temperature_column,150.0,,135
DAGHUS,110.0,temperature_column,110.0,,136
DAGJEE,110.0,temperature_column,110.0,,137
DAVNOF,123.0,temperature_column,123.0,,138
DAWNIZ,120.0,temperature_column,120.0,,139
DAYYAD,143.0,temperature_column,143.0,,140
DEBXUF,100.0,temperature_column,100.0,,141
DEGLAC,295.0,temperature_column,295.0,,142
DEGWOC,103.0,temperature_column,103.0,,143
DEQHIR,150.0,temperature_column,150.0,,144
DEXJUN,180.0,temperature_column,180.0,,145
DEZGOH,170.0,temperature_column,170.0,,146
DICHED,150.0,temperature_column,150.0,,147
DIHLOX,173.0,temperature_column,173.0,,148
DIHTIY,200.0,temperature_column,200.0,,149
DIPROJ,295.0,temperature_column,295.0,,150
DIQMIB,123.0,temperature_column,123.0,,151
DIVJAW,120.0,temperature_column,120.0,,152
DOBLEO,100.0,temperature_column,100.0,,153
DOBVEX,100.0,temperature_column,100.0,,154
DOMFER,293.0,temperature_column,293.0,,155
DOPNIG,193.0,temperature_column,193.0,,156
DOQSEI,200.0,temperature_column,200.0,,157
DUCJOD,123.0,temperature_column,123.0,,158
DUGMEZ,125.0,temperature_column,125.0,,159
DUKBIX,100.0,temperature_column,100.0,,160
DULLEB,295.0,temperature_column,295.0,,161
DULYAL,98.0,temperature_column,98.0,,162
EBENII,120.0,temperature_column,120.0,,163
ECACET,110.0,temperature_column,110.0,,164
ECUJAO,193.0,temperature_column,193.0,,165
EDIVIW,173.0,temperature_column,173.0,,166
EDIWAQ,293.0,temperature_column,293.0,,167
EDOBUV,198.0,temperature_column,198.0,,168
EDORAT,100.0,temperature_column,100.0,,169
EFOJUH,123.0,temperature_column,123.0,,170
EGEDUS,100.0,temperature_column,100.0,,171
EHEFAY,203.0,temperature_column,203.0,,172
EHEVEV,100.0,temperature_column,100.0,,173
EHEVIZ,100.0,temperature_column,100.0,,174
EJURUY,173.0,temperature_column,173.0,,175
EKACUR,100.0,temperature_column,100.0,,176
ELEMOX,203.0,temperature_column,203.0,,177
EMEMUH,123.0,temperature_column,123.0,,178
EPICOX,150.0,temperature_column,150.0,,179
EQAMUF,173.0,temperature_column,173.0,,180
EQUDUS,173.0,temperature_column,173.0,,181
EROTUA,291.0,temperature_column,291.0,,182
ESAKOY,198.0,temperature_column,198.0,,183
ESEKUJ,100.0,temperature_column,100.0,,184
ESUJAD,223.0,temperature_column,223.0,,185
ETEGOZ,293.0,temperature_column,293.0,,186
ETIMUQ,100.0,temperature_column,100.0,,187
ETOTUF,170.0,temperature_column,170.0,,188
ETUNIS,100.0,temperature_column,100.0,,189
EVIHAU,120.0,temperature_column,120.0,,190
EWIXIR,90.0,temperature_column,90.0,,191
EWOMEJ,100.0,temperature_column,100.0,,192
EXUZED,293.0,temperature_column,293.0,,193
EZECOD,100.0,temperature_column,100.0,,194
EZUMUI,123.0,temperature_column,123.0,,195
FACGOI,100.0,temperature_column,100.0,,196
FACWOY,100.0,temperature_column,100.0,,197
FAFFIF,100.0,temperature_column,100.0,,198
FAGMIK,193.0,temperature_column,193.0,,199
FAGTIU,100.0,temperature_column,100.0,,200
FAHWER,110.0,temperature_column,110.0,,201
FALTIY,173.0,temperature_column,173.0,,202
FAMHOR,100.0,temperature_column,100.0,,203
FAMTUL,123.0,temperature_column,123.0,,204
FASSIC,123.0,temperature_column,123.0,,205
FAWGIV,150.0,temperature_column,150.0,,206
FEHSIU,160.0,temperature_column,160.0,,207
FEJQES,100.0,temperature_column,100.0,,208
FEKNIT,150.0,temperature_column,150.0,,209
FENXAA,100.0,temperature_column,100.0,,210
FEQHOY,295.0,temperature_column,295.0,,211
FEXBUI,100.0,temperature_column,100.0,,212
FEXQUU,193.0,temperature_column,193.0,,213
FIFFOP,295.0,temperature_column,295.0,,214
FIJJOA,150.0,temperature_column,150.0,,215
FINWIL,120.0,temperature_column,120.0,,216
FIQPOM,100.0,temperature_column,100.0,,217
FIRZEM,173.0,temperature_column,173.0,,218
FOFKOD,100.0,temperature_column,100.0,,219
FOHSEA,295.0,temperature_column,295.0,,220
FOJDIU,150.0,temperature_column,150.0,,221
FOJWUZ,100.0,temperature_column,100.0,,222
FONMEA,295.0,temperature_column,295.0,,223
FOQRUY,295.0,temperature_column,295.0,,224
FORMOP,298.0,temperature_column,298.0,,225
FOSJIG,295.0,temperature_column,295.0,,226
FOZFAC,150.0,temperature_column,150.0,,227
FOZSAR,130.0,temperature_column,130.0,,228
FUDMOJ,150.0,temperature_column,150.0,,229
FUGSEI,120.0,temperature_column,120.0,,230
FULFIC,150.0,temperature_column,150.0,,231
FULFOI,150.0,temperature_column,150.0,,232
FULGEZ,150.0,temperature_column,150.0,,233
FURJIM,100.0,temperature_column,100.0,,234
FUTZIG,100.0,temperature_column,100.0,,235
FUYVON,100.0,temperature_column,100.0,,236
GABBUK,100.0,temperature_column,100.0,,237
GADXER,150.0,temperature_column,150.0,,238
GAFLEI,150.0,temperature_column,150.0,,239
GAFYAR,173.0,temperature_column,173.0,,240
GAHMUZ,173.0,temperature_column,173.0,,241
GAKXAU,100.0,temperature_column,100.0,,242
GANHOT,293.0,temperature_column,293.0,,243
GAQMOD,150.0,temperature_column,150.0,,244
GASPIB,100.0,temperature_column,100.0,,245
GAWVEF,295.0,temperature_column,295.0,,246
GAXDUE,193.0,temperature_column,193.0,,247
GAZMOM,90.0,temperature_column,90.0,,248
GEDDUP,253.0,temperature_column,253.0,,249
GEMFOU,90.0,temperature_column,90.0,,250
GIGLIS,187.0,temperature_column,187.0,,251
GIHDIK,200.0,temperature_column,200.0,,252
GIKBIO,100.0,temperature_column,100.0,,253
GITCET,100.0,temperature_column,100.0,,254
GITMEE,100.0,temperature_column,100.0,,255
GIVKIH,100.0,temperature_column,100.0,,256
GIYRAJ,103.0,temperature_column,103.0,,257
GOCKUG,150.0,temperature_column,150.0,,258
GOYGAC,295.0,temperature_column,295.0,,259
GUCNOI,293.0,temperature_column,293.0,,260
GUHQUY,100.0,temperature_column,100.0,,261
GULROW,180.0,temperature_column,180.0,,262
GUPFIH,296.0,temperature_column,296.0,,263
GUQJUX,295.0,temperature_column,295.0,,264
GURNIT,100.0,temperature_column,100.0,,265
GURPOB,100.0,temperature_column,100.0,,266
GUSXEA,100.0,temperature_column,100.0,,267
GUWVOK,293.0,temperature_column,293.0,,268
GUWXII,100.0,temperature_column,100.0,,269
GUYVEE,123.0,temperature_column,123.0,,270
HABFID,160.0,temperature_column,160.0,,271
HAHDUQ,93.0,temperature_column,93.0,,272
HAHFIG,125.0,temperature_column,125.0,,273
HECDOK,100.0,temperature_column,100.0,,274
HEFPEO,223.0,temperature_column,223.0,,275
HEJPAN,123.0,temperature_column,123.0,,276
HEQPEA,143.0,temperature_column,143.0,,277
HEXANE01,90.0,temperature_column,90.0,,278
HEXWIS,293.0,temperature_column,293.0,,279
HEXYEQ,173.0,temperature_column,173.0,,280
HEZPUY,193.0,temperature_column,193.0,,281
HIDJAF,153.0,temperature_column,153.0,,282
HIPFAP,133.0,temperature_column,133.0,,283
HIXFUR,173.0,temperature_column,173.0,,284
HIZVOB,295.0,temperature_column,295.0,,285
HOCGUD,103.0,temperature_column,103.0,,286
HOCWOM,153.0,temperature_column,153.0,,287
HOMJUP,193.0,temperature_column,193.0,,288
HONHAW,180.0,temperature_column,180.0,,289
HONVEO,180.0,temperature_column,180.0,,290
HONXIS,294.0,temperature_column,294.0,,291
HOPSEL,203.0,temperature_column,203.0,,292
HOVMAJ,200.0,temperature_column,200.0,,293
HUGDOE,100.0,temperature_column,100.0,,294
HUPCUS,190.0,temperature_column,190.0,,295
HURSAP,150.0,temperature_column,150.0,,296
HURXUO,213.0,temperature_column,213.0,,297
HUXCAG,173.0,temperature_column,173.0,,298
HUYXEF,90.0,temperature_column,90.0,,299
HUZRAY,120.0,temperature_column,120.0,,300
IBIHUZ,93.0,temperature_column,93.0,,301
ICALEE,203.0,temperature_column,203.0,,302
ICIHIO,100.0,temperature_column,100.0,,303
ICIPOC,100.0,temperature_column,100.0,,304
ICIWOK,123.0,temperature_column,123.0,,305
IDEDUR,133.0,temperature_column,133.0,,306
IDEXOH,100.0,temperature_column,100.0,,307
IDIVEW,93.0,temperature_column,93.0,,308
IGOCOY,296.0,temperature_column,296.0,,309
IGUMOO,296.0,temperature_column,296.0,,310
IHABUQ,150.0,temperature_column,150.0,,311
IHAZEZ,100.0,temperature_column,100.0,,312
IHUDAS,100.0,temperature_column,100.0,,313
IJUJUV,100.0,temperature_column,100.0,,314
IKECEI,93.0,temperature_column,93.0,,315
IKOLEZ,200.0,temperature_column,200.0,,316
IKUNIO,173.0,temperature_column,173.0,,317
ILARUJ,100.0,temperature_column,100.0,,318
ILUJAA,100.0,temperature_column,100.0,,319
INAVID,173.0,temperature_column,173.0,,320
INOLAB,100.0,temperature_column,100.0,,321
INOTIR,150.0,temperature_column,150.0,,322
INUZEX,150.0,temperature_column,150.0,,323
IPIDIX,113.0,temperature_column,113.0,,324
IPUQAO,153.0,temperature_column,153.0,,325
IQIZIR,298.0,temperature_column,298.0,,326
IQUNEP,173.0,temperature_column,173.0,,327
IRAWON,133.0,temperature_column,133.0,,328
IRUCUV,100.0,temperature_column,100.0,,329
ISAYUZ,298.0,temperature_column,298.0,,330
ISEZEM,100.0,temperature_column,100.0,,331
ISIPUY,100.0,temperature_column,100.0,,332
ISIXEP,200.0,temperature_column,200.0,,333
IXOGOR,293.0,temperature_column,293.0,,334
IXUFUD,293.0,temperature_column,293.0,,335
IXURAU,193.0,temperature_column,193.0,,336
IYUGUF,100.0,temperature_column,100.0,,337
IZIBID,100.0,temperature_column,100.0,,338
JABQAH,100.0,temperature_column,100.0,,339
JATYEJ,293.0,temperature_column,293.0,,340
JEBQUD,293.0,temperature_column,293.0,,341
JENHAM,100.0,temperature_column,100.0,,342
JEQGOC,173.0,temperature_column,173.0,,343
JEZWIU,295.0,temperature_column,295.0,,344
JIBPIT,295.0,temperature_column,295.0,,345
JIDLEQ,296.0,temperature_column,296.0,,346
JIRTOW,100.0,temperature_column,100.0,,347
JISXAL,123.0,temperature_column,123.0,,348
JITNEG,200.0,temperature_column,200.0,,349
JOCVII,120.0,temperature_column,120.0,,350
JODRIG,100.0,temperature_column,100.0,,351
JOJBAM,150.0,temperature_column,150.0,,352
JOJQOR,150.0,temperature_column,150.0,,353
JOJSEH,100.0,temperature_column,100.0,,354
JOLFAT,123.0,temperature_column,123.0,,355
JOLFEX,123.0,temperature_column,123.0,,356
JUBFIX,123.0,temperature_column,123.0,,357
JUJHAA,150.0,temperature_column,150.0,,358
JUJSIT,123.0,temperature_column,123.0,,359
JUKDEA,294.0,temperature_column,294.0,,360
JULHIK,200.0,temperature_column,200.0,,361
JULXEW,170.0,temperature_column,170.0,,362
JURNOC,125.0,temperature_column,125.0,,363
JUVLAQ,193.0,temperature_column,193.0,,364
KAFSER,100.0,temperature_column,100.0,,365
KAHQES,100.0,temperature_column,100.0,,366
KAKHEN,193.0,temperature_column,193.0,,367
KAPYUY,90.0,temperature_column,90.0,,368
KASKUM,123.0,temperature_column,123.0,,369
KATPIH,170.0,temperature_column,170.0,,370
KAVBIV,100.0,temperature_column,100.0,,371
KEFKAJ,93.0,temperature_column,93.0,,372
KENFUF,173.0,temperature_column,173.0,,373
KEQBIT,200.0,temperature_column,200.0,,374
KEVJIF,100.0,temperature_column,100.0,,375
KEVZUI,153.0,temperature_column,153.0,,376
KEYJAC,100.0,temperature_column,100.0,,377
KIHGOZ,293.0,temperature_column,293.0,,378
KIQDAS,100.0,temperature_column,100.0,,379
KIRVUC,300.0,temperature_column,300.0,,380
KOCPIB,295.0,temperature_column,295.0,,381
KOLHIC,295.0,temperature_column,295.0,,382
KOMDEW,296.0,temperature_column,296.0,,383
KOPSUF,100.0,temperature_column,100.0,,384
KOYBUY,100.0,temperature_column,100.0,,385
KUCMIH,100.0,temperature_column,100.0,,386
KULKUX,295.0,temperature_column,295.0,,387
KUMCOK,173.0,temperature_column,173.0,,388
KUPSOF,103.0,temperature_column,103.0,,389
KUQVEA,90.0,temperature_column,90.0,,390
KUXGUG,103.0,temperature_column,103.0,,391
KUXNEX,120.0,temperature_column,120.0,,392
LABKIK,293.0,temperature_column,293.0,,393
LABMOU,293.0,temperature_column,293.0,,394
LADWIZ,173.0,temperature_column,173.0,,395
LAGBON,113.0,temperature_column,113.0,,396
LAKBUW,295.0,temperature_column,295.0,,397
LANSUP,296.0,temperature_column,296.0,,398
LAQTIH,120.0,temperature_column,120.0,,399
LEGNER,223.0,temperature_column,223.0,,400
LESPAB,150.0,temperature_column,150.0,,401
LEXWIX,90.0,temperature_column,90.0,,402
LIFNUJ,173.0,temperature_column,173.0,,403
LILTEG,193.0,temperature_column,193.0,,404
LIRGUR,294.0,temperature_column,294.0,,405
LOBMIA,90.0,temperature_column,90.0,,406
LOPROX,223.0,temperature_column,223.0,,407
LOVLAJ,200.0,temperature_column,200.0,,408
LUMVAR,173.0,temperature_column,173.0,,409
LUMWIC,150.0,temperature_column,150.0,,410
LUNPIW,150.0,temperature_column,150.0,,411
LURMAN,173.0,temperature_column,173.0,,412
LURSUN,100.0,temperature_column,100.0,,413
LUSGAJ,293.0,temperature_column,293.0,,414
LUWPAV,150.0,temperature_column,150.0,,415
LUZCOY,200.0,temperature_column,200.0,,416
MACTER,150.0,temperature_column,150.0,,417
MADFOP,102.0,temperature_column,102.0,,418
MADKOS,98.0,temperature_column,98.0,,419
MADWUL,100.0,temperature_column,100.0,,420
MAFCUT,100.0,temperature_column,100.0,,421
MAGFOR,293.0,temperature_column,293.0,,422
MAGNUE,173.0,temperature_column,173.0,,423
MAJLAO,170.0,temperature_column,170.0,,424
MAKGOV,100.0,temperature_column,100.0,,425
MALLUI,153.0,temperature_column,153.0,,426
MAMKUI,100.0,temperature_column,100.0,,427
MANBEJ,193.0,temperature_column,193.0,,428
MAQSII,150.0,temperature_column,150.0,,429
MASLID,100.0,temperature_column,100.0,,430
MASLUP,100.0,temperature_column,100.0,,431
MASROQ,150.0,temperature_column,150.0,,432
MAVBAM,203.0,temperature_column,203.0,,433
MEBCON,100.0,temperature_column,100.0,,434
MEFNOD,291.0,temperature_column,291.0,,435
MEMRIF,295.0,temperature_column,295.0,,436
MENFAM,193.0,temperature_column,193.0,,437
MENLOG,173.0,temperature_column,173.0,,438
MEYPAH,150.0,temperature_column,150.0,,439
MIBRUL,294.0,temperature_column,294.0,,440
MIHNEZ,173.0,temperature_column,173.0,,441
MIKFUI,173.0,temperature_column,173.0,,442
MIRFAW,173.0,temperature_column,173.0,,443
MITBEZ,130.0,temperature_column,130.0,,444
MITBID,130.0,temperature_column,130.0,,445
MITBOJ,130.0,temperature_column,130.0,,446
MITSOZ,163.0,temperature_column,163.0,,447
MITTAM,163.0,temperature_column,163.0,,448
MITTIU,163.0,temperature_column,163.0,,449
MITTUE,150.0,temperature_column,150.0,,450
MIVXAR,123.0,temperature_column,123.0,,451
MIWLEM,100.0,temperature_column,100.0,,452
MIYLAJ,100.0,temperature_column,100.0,,453
MOBTEC,293.0,temperature_column,293.0,,454
MODXOS,295.0,temperature_column,295.0,,455
MOGBAL,173.0,temperature_column,173.0,,456
MOSCUT,113.0,temperature_column,113.0,,457
MOSDAA,113.0,temperature_column,113.0,,458
MOWKER,150.0,temperature_column,150.0,,459
MOYKOC,183.0,temperature_column,183.0,,460
MOZCOT,293.0,temperature_column,293.0,,461
MUFQUA,173.0,temperature_column,173.0,,462
MUGCIA,293.0,temperature_column,293.0,,463
MUHXIZ,100.0,temperature_column,100.0,,464
MUKPAM,100.0,temperature_column,100.0,,465
MUKVOE,153.0,temperature_column,153.0,,466
MUTQAV,100.0,temperature_column,100.0,,467
NACMEM,293.0,temperature_column,293.0,,468
NAGSEV,150.0,temperature_column,150.0,,469
NAGTOI,200.0,temperature_column,200.0,,470
NAJROH,295.0,temperature_column,295.0,,471
NAKMIZ,150.0,temperature_column,150.0,,472
NATLIG,150.0,temperature_column,150.0,,473
NAXZAP,123.0,temperature_column,123.0,,474
NAZLIM,150.0,temperature_column,150.0,,475
NEHSUP,90.0,temperature_column,90.0,,476
NETFEA,150.0,temperature_column,150.0,,477
NEZLUA,158.0,temperature_column,158.0,,478
NIGMUN,153.0,temperature_column,153.0,,479
NIJHIA,100.0,temperature_column,100.0,,480
NIKVEI,295.0,temperature_column,295.0,,481
NIMWAH,120.0,temperature_column,120.0,,482
NIPMAC,173.0,temperature_column,173.0,,483
NIPPIL,102.0,temperature_column,102.0,,484
NITHUV,100.0,temperature_column,100.0,,485
NOBCEO,173.0,temperature_column,173.0,,486
NOCYOW,250.0,temperature_column,250.0,,487
NODGET,180.0,temperature_column,180.0,,488
NOHPUY,90.0,temperature_column,90.0,,489
NOLQEL,150.0,temperature_column,150.0,,490
NOPJOS,173.0,temperature_column,173.0,,491
NOSNER,100.0,temperature_column,100.0,,492
NOSVAS,133.0,temperature_column,133.0,,493
NOWMOB,173.0,temperature_column,173.0,,494
NOZNUN,150.0,temperature_column,150.0,,495
NUGFIG,123.0,temperature_column,123.0,,496
NURDEM,100.0,temperature_column,100.0,,497
NUXRAB,150.0,temperature_column,150.0,,498
OBICIP,190.0,temperature_column,190.0,,499
OBIGUF,150.0,temperature_column,150.0,,500
OCELIR,223.0,temperature_column,223.0,,501
OCIDOU,273.0,temperature_column,273.0,,502
OCIJET,213.0,temperature_column,213.0,,503
OFIXAC,168.0,temperature_column,168.0,,504
OGAMAK,158.0,temperature_column,158.0,,505
OGIJAS,100.0,temperature_column,100.0,,506
OHUTAO,90.0,temperature_column,90.0,,507
OJABEG,90.0,temperature_column,90.0,,508
OJANIZ,100.0,temperature_column,100.0,,509
OJAQUM,100.0,temperature_column,100.0,,510
OJAROH,150.0,temperature_column,150.0,,511
OJOBIZ,150.0,temperature_column,150.0,,512
OLUFEJ,100.0,temperature_column,100.0,,513
ONIMEF,150.0,temperature_column,150.0,,514
ONUZOP,100.0,temperature_column,100.0,,515
OPABIT,100.0,temperature_column,100.0,,516
OPABOZ,100.0,temperature_column,100.0,,517
OPARAB,150.0,temperature_column,150.0,,518
OPOTOE,100.0,temperature_column,100.0,,519
OREXUF,173.0,temperature_column,173.0,,520
OSUVUV,100.0,temperature_column,100.0,,521
OTEZET,100.0,temperature_column,100.0,,522
OTOMIU,173.0,temperature_column,173.0,,523
OTORAR,98.0,temperature_column,98.0,,524
OVIMOW,134.0,temperature_column,134.0,,525
OWEBIE,90.0,temperature_column,90.0,,526
OWENOW,100.0,temperature_column,100.0,,527
OWOKER,296.0,temperature_column,296.0,,528
OWOVAZ,200.0,temperature_column,200.0,,529
OXACIA,100.0,temperature_column,100.0,,530
OZAJOP,150.0,temperature_column,150.0,,531
OZURAF,152.0,temperature_column,152.0,,532
PABGIK,100.0,temperature_column,100.0,,533
PAPTAB,295.0,temperature_column,295.0,,534
PASMRE,295.0,temperature_column,295.0,,535
PAVCIA,100.0,temperature_column,100.0,,536
PEHPUO,100.0,temperature_column,100.0,,537
PEKGUK,296.0,temperature_column,296.0,,538
PEMJAS,295.0,temperature_column,295.0,,539
PENFOG,100.0,temperature_column,100.0,,540
PESBOF,300.0,temperature_column,300.0,,541
PESQIQ,120.0,temperature_column,120.0,,542
PETFUR,150.0,temperature_column,150.0,,543
PEVVAQ,153.0,temperature_column,153.0,,544
PEZBOM,293.0,temperature_column,293.0,,545
PICHUH,93.0,temperature_column,93.0,,546
PIGSII,150.0,temperature_column,150.0,,547
PIJYIR,295.0,temperature_column,295.0,,548
PIKDAQ,150.0,temperature_column,150.0,,549
PINWUG01,93.0,temperature_column,93.0,,550
PIQLOT,123.0,temperature_column,123.0,,551
PIRDAY,120.0,temperature_column,120.0,,552
PITXOH,100.0,temperature_column,100.0,,553
PIXKEO,173.0,temperature_column,173.0,,554
PIYJUF,103.0,temperature_column,103.0,,555
PIZFOU,193.0,temperature_column,193.0,,556
POBNOM,100.0,temperature_column,100.0,,557
PODKAU,150.0,temperature_column,150.0,,558
POKMAE,150.0,temperature_column,150.0,,559
POQTIA,173.0,temperature_column,173.0,,560
PORJIP,193.0,temperature_column,193.0,,561
POZWEH,173.0,temperature_column,173.0,,562
PUCWEP,295.0,temperature_column,295.0,,563
PUDXUI,100.0,temperature_column,100.0,,564
PUFNIP,100.0,temperature_column,100.0,,565
PULKOZ,100.0,temperature_column,100.0,,566
PUPYUW,93.0,temperature_column,93.0,,567
PUQGIR,295.0,temperature_column,295.0,,568
PUQRUQ,100.0,temperature_column,100.0,,569
PUSVAB,100.0,temperature_column,100.0,,570
PUVHOE,100.0,temperature_column,100.0,,571
PUVXEL,150.0,temperature_column,150.0,,572
PUXQEF,183.0,temperature_column,183.0,,573
QACBIG,173.0,temperature_column,173.0,,574
QAJHAL,163.0,temperature_column,163.0,,575
QAMGIV,293.0,temperature_column,293.0,,576
QAQPEG,100.0,temperature_column,100.0,,577
QARHAS,173.0,temperature_column,173.0,,578
QASVOV,150.0,temperature_column,150.0,,579
QAVYOE,100.0,temperature_column,100.0,,580
QAYBUN,223.0,temperature_column,223.0,,581
QECSAS,168.0,temperature_column,168.0,,582
QEGRAW,100.0,temperature_column,100.0,,583
QEHLEV,298.0,temperature_column,298.0,,584
QEJFOC,133.0,temperature_column,133.0,,585
QEJLUO,150.0,temperature_column,150.0,,586
QENPUV,133.0,temperature_column,133.0,,587
QEPYUH,173.0,temperature_column,173.0,,588
QERBEX,163.0,temperature_column,163.0,,589
QETYOD,295.0,temperature_column,295.0,,590
QEVCIE,100.0,temperature_column,100.0,,591
QEVVOC,295.0,temperature_column,295.0,,592
QEXGAC,173.0,temperature_column,173.0,,593
QEZWID,100.0,temperature_column,100.0,,594
QIBVUU,100.0,temperature_column,100.0,,595
QIFRUS,295.0,temperature_column,295.0,,596
QIHMAX,100.0,temperature_column,100.0,,597
QIHPAA,120.0,temperature_column,120.0,,598
QIJZUG,293.0,temperature_column,293.0,,599
QIMQUY,93.0,temperature_column,93.0,,600
QIRGOQ,150.0,temperature_column,150.0,,601
QIRGUW,150.0,temperature_column,150.0,,602
QISBUR,173.0,temperature_column,173.0,,603
QISGOO,90.0,temperature_column,90.0,,604
QIVGAD,203.0,temperature_column,203.0,,605
QIWQOD,123.0,temperature_column,123.0,,606
QIWREU,193.0,temperature_column,193.0,,607
QOFVEN,100.0,temperature_column,100.0,,608
QOHYOB,170.0,temperature_column,170.0,,609
QOKLAF,100.0,temperature_column,100.0,,610
QOMVAS,100.0,temperature_column,100.0,,611
QONNOW,295.0,temperature_column,295.0,,612
QOVXOR,240.0,temperature_column,240.0,,613
QOWBEL,123.0,temperature_column,123.0,,614
QUBSAH,173.0,temperature_column,173.0,,615
QUDDID,90.0,temperature_column,90.0,,616
QUGFED,163.0,temperature_column,163.0,,617
QUHCEC,183.0,temperature_column,183.0,,618
QUMXON,90.0,temperature_column,90.0,,619
QUQQIC,193.0,temperature_column,193.0,,620
QUTREC,293.0,temperature_column,293.0,,621
QUZDUN,200.0,temperature_column,200.0,,622
RADPUK,100.0,temperature_column,100.0,,623
RAGWAX,150.0,temperature_column,150.0,,624
RAHJEQ,100.0,temperature_column,100.0,,625
RAJHUH,296.0,temperature_column,296.0,,626
RAKGIV,100.0,temperature_column,100.0,,627
RAMFIW,297.0,temperature_column,297.0,,628
RAPCOA,173.0,temperature_column,173.0,,629
RAPTUZ,150.0,temperature_column,150.0,,630
RASREL,133.0,temperature_column,133.0,,631
RAVFEC,100.0,temperature_column,100.0,,632
RAXGON,150.0,temperature_column,150.0,,633
REFCEL,120.0,temperature_column,120.0,,634
REJGET,150.0,temperature_column,150.0,,635
REJROO,200.0,temperature_column,200.0,,636
RENLIF,203.0,temperature_column,203.0,,637
REQTUF,88.0,temperature_column,88.0,,638
RERCUM,295.0,temperature_column,295.0,,639
RERRAH,173.0,temperature_column,173.0,,640
REYDOP,150.0,temperature_column,150.0,,641
RIBNIA,223.0,temperature_column,223.0,,642
RIGGIZ,123.0,temperature_column,123.0,,643
RIGGUK,100.0,temperature_column,100.0,,644
RIHJAU,296.0,temperature_column,296.0,,645
RIKMAB,100.0,temperature_column,100.0,,646
RIKNUW,150.0,temperature_column,150.0,,647
RILLUV,100.0,temperature_column,100.0,,648
RILNEH,150.0,temperature_column,150.0,,649
RIQMOW,150.0,temperature_column,150.0,,650
RISYOK,150.0,temperature_column,150.0,,651
RISYUQ,150.0,temperature_column,150.0,,652
RIVPUI,173.0,temperature_column,173.0,,653
RIXYUS,173.0,temperature_column,173.0,,654
RIYXAY,295.0,temperature_column,295.0,,655
ROCLOM,153.0,temperature_column,153.0,,656
RODZUI,173.0,temperature_column,173.0,,657
ROFDAU,100.0,temperature_column,100.0,,658
ROJNUA,141.0,temperature_column,141.0,,659
ROLKOU,120.0,temperature_column,120.0,,660
ROLTEU,170.0,temperature_column,170.0,,661
ROPHAF,295.0,temperature_column,295.0,,662
RUDSUG,100.0,temperature_column,100.0,,663
RUFLAG,295.0,temperature_column,295.0,,664
RUFQOY,150.0,temperature_column,150.0,,665
RUHLUD,100.0,temperature_column,100.0,,666
RUPKUI,233.0,temperature_column,233.0,,667
RUZJON,100.0,temperature_column,100.0,,668
SACGIO,103.0,temperature_column,103.0,,669
SACTAR,295.0,temperature_column,295.0,,670
SADZEF,150.0,temperature_column,150.0,,671
SAFKET,100.0,temperature_column,100.0,,672
SAFMAO,294.0,temperature_column,294.0,,673
SAHSAW,86.0,temperature_column,86.0,,674
SAJFIU,100.0,temperature_column,100.0,,675
SAJFOA,100.0,temperature_column,100.0,,676
SALJUM,294.0,temperature_column,294.0,,677
SAQPEG,223.0,temperature_column,223.0,,678
SATVIU,173.0,temperature_column,173.0,,679
SEBBAD,100.0,temperature_column,100.0,,680
SEBJIU,173.0,temperature_column,173.0,,681
SECSEB,93.0,temperature_column,93.0,,682
SECSID,200.0,temperature_column,200.0,,683
SECSIF,93.0,temperature_column,93.0,,684
SEJSUX,123.0,temperature_column,123.0,,685
SELLEB,183.0,temperature_column,183.0,,686
SEPKII,200.0,temperature_column,200.0,,687
SEQKIK,296.0,temperature_column,296.0,,688
SEVZIE,153.0,temperature_column,153.0,,689
SEZNES,133.0,temperature_column,133.0,,690
SEZROG,294.0,temperature_column,294.0,,691
SIBVUV,213.0,temperature_column,213.0,,692
SIBWAC,105.0,temperature_column,105.0,,693
SIBXIL,113.0,temperature_column,113.0,,694
SICSED,253.0,temperature_column,253.0,,695
SIDYIN,193.0,temperature_column,193.0,,696
SIDZUA,240.0,temperature_column,240.0,,697
SIFTEI,150.0,temperature_column,150.0,,698
SIGMOL,113.0,temperature_column,113.0,,699
SIHFIZ,294.0,temperature_column,294.0,,700
SIJGIE,140.0,temperature_column,140.0,,701
SIJKUT,100.0,temperature_column,100.0,,702
SIKKUT,100.0,temperature_column,100.0,,703
SILYIX,293.0,temperature_column,293.0,,704
SIMDOJ,173.0,temperature_column,173.0,,705
SIMDUP,173.0,temperature_column,173.0,,706
SISSAR,100.0,temperature_column,100.0,,707
SIYNUL,185.0,temperature_column,185.0,,708
SIZGUD,295.0,temperature_column,295.0,,709
SIZXEF,173.0,temperature_column,173.0,,710
SOBNIG,130.0,temperature_column,130.0,,711
SOBWOV,295.0,temperature_column,295.0,,712
SOGWUG,295.0,temperature_column,295.0,,713
SOJGUU,150.0,temperature_column,150.0,,714
SONHUA,123.0,temperature_column,123.0,,715
SOQYIJ,120.0,temperature_column,120.0,,716
SOVREB,120.0,temperature_column,120.0,,717
SOWDIS,120.0,temperature_column,120.0,,718
SOWZUA,100.0,temperature_column,100.0,,719
SOXKAT,151.0,temperature_column,151.0,,720
SOZWUB,198.0,temperature_column,198.0,,721
SUBTIU,123.0,temperature_column,123.0,,722
SUFXIC,173.0,temperature_column,173.0,,723
SUKMAN,100.0,temperature_column,100.0,,724
SULVIF,100.0,temperature_column,100.0,,725
SUMXOO,150.0,temperature_column,150.0,,726
TADKUF,293.0,temperature_column,293.0,,727
TADWEE,100.0,temperature_column,100.0,,728
TADZUV,120.0,temperature_column,120.0,,729
TAJNOL,213.0,temperature_column,213.0,,730
TALKEY,141.0,temperature_column,141.0,,731
TAMGAR,123.0,temperature_column,123.0,,732
TAMGOF,100.0,temperature_column,100.0,,733
TAMNEB,150.0,temperature_column,150.0,,734
TANTEJ,173.0,temperature_column,173.0,,735
TASBIA,150.0,temperature_column,150.0,,736
TASNUX,100.0,temperature_column,100.0,,737
TATMIN,100.0,temperature_column,100.0,,738
TAWYIZ,223.0,temperature_column,223.0,,739
TEDJUH,295.0,temperature_column,295.0,,740
TEJTEK,95.0,temperature_column,95.0,,741
TELXAL,100.0,temperature_column,100.0,,742
TEMXIU,294.0,temperature_column,294.0,,743
TEPCEZ,150.0,temperature_column,150.0,,744
TESMOV,293.0,temperature_column,293.0,,745
TETFEG,150.0,temperature_column,150.0,,746
TEVSIZ,90.0,temperature_column,90.0,,747
TEWYAY,150.0,temperature_column,150.0,,748
TEYXAW,295.0,temperature_column,295.0,,749
TEZBUV,295.0,temperature_column,295.0,,750
TIHGOJ,90.0,temperature_column,90.0,,751
TIJSIQ,100.0,temperature_column,100.0,,752
TIJSOW,173.0,temperature_column,173.0,,753
TISCED,173.0,temperature_column,173.0,,754
TISXEB,153.0,temperature_column,153.0,,755
TIWLET,100.0,temperature_column,100.0,,756
TIYBEJ,100.0,temperature_column,100.0,,757
TIYMIY,295.0,temperature_column,295.0,,758
TOCDOH,123.0,temperature_column,123.0,,759
TOFWIU,295.0,temperature_column,295.0,,760
TOMBON,90.0,temperature_column,90.0,,761
TOXDIT,295.0,temperature_column,295.0,,762
TUBLEK,100.0,temperature_column,100.0,,763
TUDLEL,100.0,temperature_column,100.0,,764
TUGDOR,173.0,temperature_column,173.0,,765
TUGMAM,193.0,temperature_column,193.0,,766
TUHTIB,198.0,temperature_column,198.0,,767
TULCUZ,203.0,temperature_column,203.0,,768
TUMCEL,100.0,temperature_column,100.0,,769
TUNRAY,123.0,temperature_column,123.0,,770
TUTYEM,93.0,temperature_column,93.0,,771
TUVBET,123.0,temperature_column,123.0,,772
TUWJED,150.0,temperature_column,150.0,,773
TUWJON,150.0,temperature_column,150.0,,774
TUWTUB,100.0,temperature_column,100.0,,775
UBIFUJ,100.0,temperature_column,100.0,,776
UCODAR,173.0,temperature_column,173.0,,777
UCOLIJ,150.0,temperature_column,150.0,,778
UCULOV,133.0,temperature_column,133.0,,779
UDEJOD,153.0,temperature_column,153.0,,780
UDEJUJ,153.0,temperature_column,153.0,,781
UHAFEO,293.0,temperature_column,293.0,,782
UKENOP,100.0,temperature_column,100.0,,783
UKOLEM,90.0,temperature_column,90.0,,784
ULIREN,123.0,temperature_column,123.0,,785
ULISIS,123.0,temperature_column,123.0,,786
ULUTUS,173.0,temperature_column,173.0,,787
UMOHUC,100.0,temperature_column,100.0,,788
UQAPUZ,173.0,temperature_column,173.0,,789
UQUPIH,110.0,temperature_column,110.0,,790
URAKUV,100.0,temperature_column,100.0,,791
USILUF,120.0,temperature_column,120.0,,792
UWAFOQ,113.0,temperature_column,113.0,,793
UWEHIO,100.0,temperature_column,100.0,,794
UWONIF,293.0,temperature_column,293.0,,795
UWONUR,293.0,temperature_column,293.0,,796
UXIREZ,113.0,temperature_column,113.0,,797
UYEXAY,291.0,temperature_column,291.0,,798
UZUFAY,150.0,temperature_column,150.0,,799
VAFZIP,150.0,temperature_column,150.0,,800
VAGPEA,100.0,temperature_column,100.0,,801
VAJBER,100.0,temperature_column,100.0,,802
VAPYUJ,150.0,temperature_column,150.0,,803
VARQAG,295.0,temperature_column,295.0,,804
VATSUH,115.0,temperature_column,115.0,,805
VAVFAZ,295.0,temperature_column,295.0,,806
VAXQER,100.0,temperature_column,100.0,,807
VAXVOI,200.0,temperature_column,200.0,,808
VEBPUO,90.0,temperature_column,90.0,,809
VEGHEW,103.0,temperature_column,103.0,,810
VEJHUO,293.0,temperature_column,293.0,,811
VENBEX,100.0,temperature_column,100.0,,812
VENBOH,100.0,temperature_column,100.0,,813
VENLIM,100.0,temperature_column,100.0,,814
VESTEV,153.0,temperature_column,153.0,,815
VESTOF,153.0,temperature_column,153.0,,816
VEZYOQ,120.0,temperature_column,120.0,,817
VIKJUW,150.0,temperature_column,150.0,,818
VIKXIX,200.0,temperature_column,200.0,,819
VIMGEE,293.0,temperature_column,293.0,,820
VIMGUU,187.0,temperature_column,187.0,,821
VIPDOQ,100.0,temperature_column,100.0,,822
VIRKUF,100.0,temperature_column,100.0,,823
VIRNAM,220.0,temperature_column,220.0,,824
VIVSUQ,100.0,temperature_column,100.0,,825
VIWYIM,150.0,temperature_column,150.0,,826
VIXHIW,103.0,temperature_column,103.0,,827
VIZVUY,100.0,temperature_column,100.0,,828
VOBNEH,103.0,temperature_column,103.0,,829
VOBSUC,188.0,temperature_column,188.0,,830
VOCYUK,180.0,temperature_column,180.0,,831
VOGDAX,150.0,temperature_column,150.0,,832
VOTPOM,100.0,temperature_column,100.0,,833
VOZQEJ,150.0,temperature_column,150.0,,834
VUCCEC,150.0,temperature_column,150.0,,835
VUGZUV,100.0,temperature_column,100.0,,836
VUHLUG,110.0,temperature_column,110.0,,837
VUJVII,173.0,temperature_column,173.0,,838
VUMBIR,100.0,temperature_column,100.0,,839
VUWJII,150.0,temperature_column,150.0,,840
VUYKUX,293.0,temperature_column,293.0,,841
WAFGEQ,133.0,temperature_column,133.0,,842
WAFLEV,100.0,temperature_column,100.0,,843
WAKFIZ,296.0,temperature_column,296.0,,844
WALRAF,150.0,temperature_column,150.0,,845
WAPREM,133.0,temperature_column,133.0,,846
WAPXAM,295.0,temperature_column,295.0,,847
WAPZIX,150.0,temperature_column,150.0,,848
WATRAN,173.0,temperature_column,173.0,,849
WATVIX,153.0,temperature_column,153.0,,850
WAVJUA,110.0,temperature_column,110.0,,851
WAVKAH,110.0,temperature_column,110.0,,852
WAVLIO,295.0,temperature_column,295.0,,853
WAWJIQ,100.0,temperature_column,100.0,,854
WAWWOG10,295.0,temperature_column,295.0,,855
WAYNES,100.0,temperature_column,100.0,,856
WAYYEA,193.0,temperature_column,193.0,,857
WECQIE01,296.0,temperature_column,296.0,,858
WEHNED,173.0,temperature_column,173.0,,859
WEKYUI,113.0,temperature_column,113.0,,860
WELTEP,296.0,temperature_column,296.0,,861
WEPDEC,173.0,temperature_column,173.0,,862
WEPDIG,103.0,temperature_column,103.0,,863
WERKOU,193.0,temperature_column,193.0,,864
WERZID,93.0,temperature_column,93.0,,865
WIFVEP,100.0,temperature_column,100.0,,866
WIFYUG,100.0,temperature_column,100.0,,867
WIJVUI,100.0,temperature_column,100.0,,868
WIKKEJ,100.0,temperature_column,100.0,,869
WIWQUP,293.0,temperature_column,293.0,,870
WOFMOV,90.0,temperature_column,90.0,,871
WUCRUI,294.0,temperature_column,294.0,,872
WUCSIX,293.0,temperature_column,293.0,,873
WUJYEI,100.0,temperature_column,100.0,,874
XADBUB,100.0,temperature_column,100.0,,875
XAHSOO,93.0,temperature_column,93.0,,876
XAPBIA,90.0,temperature_column,90.0,,877
XEBRAX,193.0,temperature_column,193.0,,878
XEBZIN,90.0,temperature_column,90.0,,879
XEDQIH,150.0,temperature_column,150.0,,880
XEDTAE,100.0,temperature_column,100.0,,881
XEFMIG,100.0,temperature_column,100.0,,882
XEKSIQ,173.0,temperature_column,173.0,,883
XELYIY,100.0,temperature_column,100.0,,884
XENDUS,100.0,temperature_column,100.0,,885
XEQSIX,100.0,temperature_column,100.0,,886
XEXPEY,100.0,temperature_column,100.0,,887
XEYLAP,153.0,temperature_column,153.0,,888
XICQUW,193.0,temperature_column,193.0,,889
XIDKAZ,93.0,temperature_column,93.0,,890
XIDROU,103.0,temperature_column,103.0,,891
XIGTAI,223.0,temperature_column,223.0,,892
XIHYIZ,100.0,temperature_column,100.0,,893
XIJGAA,110.0,temperature_column,110.0,,894
XIJRAK,100.0,temperature_column,100.0,,895
XIJWUJ,150.0,temperature_column,150.0,,896
XIJXAQ,150.0,temperature_column,150.0,,897
XIJXOE,150.0,temperature_column,150.0,,898
XINZOK,163.0,temperature_column,163.0,,899
XIQMIT,298.0,temperature_column,298.0,,900
XIRHUE,100.0,temperature_column,100.0,,901
XIVVAC,100.0,temperature_column,100.0,,902
XIWNUP,100.0,temperature_column,100.0,,903
XIWZUA,150.0,temperature_column,150.0,,904
XIXQAY,100.0,temperature_column,100.0,,905
XIXYIO,293.0,temperature_column,293.0,,906
XIYREE,298.0,temperature_column,298.0,,907
XODGON,153.0,temperature_column,153.0,,908
XODGUT01,153.0,temperature_column,153.0,,909
XODKOS,120.0,temperature_column,120.0,,910
XOGCOO,150.0,temperature_column,150.0,,911
XOLDAD,155.0,temperature_column,155.0,,912
XOVPUV,150.0,temperature_column,150.0,,913
XOVRAC,90.0,temperature_column,90.0,,914
XOVREG,90.0,temperature_column,90.0,,915
XOWCIW,173.0,temperature_column,173.0,,916
XUBJEK,173.0,temperature_column,173.0,,917
XUDXIE,293.0,temperature_column,293.0,,918
XUFKAM,123.0,temperature_column,123.0,,919
XUJVED,293.0,temperature_column,293.0,,920
XUPRAC,100.0,temperature_column,100.0,,921
XUQCOD,100.0,temperature_column,100.0,,922
XUWQEN,93.0,temperature_column,93.0,,923
YACQEC,100.0,temperature_column,100.0,,924
YAHMUS,103.0,temperature_column,103.0,,925
YAKNIL,100.0,temperature_column,100.0,,926
YAPFIF,293.0,temperature_column,293.0,,927
YAQDUQ,183.0,temperature_column,183.0,,928
YATNEN,150.0,temperature_column,150.0,,929
YAWWID,193.0,temperature_column,193.0,,930
YEDGAR,294.0,temperature_column,294.0,,931
YEKLAD,123.0,temperature_column,123.0,,932
YEKLEH,123.0,temperature_column,123.0,,933
YEWROJ,294.0,temperature_column,294.0,,934
YICMAA,100.0,temperature_column,100.0,,935
YIGLAD,123.0,temperature_column,123.0,,936
YIKVOD,293.0,temperature_column,293.0,,937
YIYSOP,173.0,temperature_column,173.0,,938
YIZQUV,130.0,temperature_column,130.0,,939
YIZXEM,100.0,temperature_column,100.0,,940
YOBFAY,150.0,temperature_column,150.0,,941
YOHWEZ,100.0,temperature_column,100.0,,942
YOKDEI,150.0,temperature_column,150.0,,943
YOLVAX,133.0,temperature_column,133.0,,944
YOPGES,93.0,temperature_column,93.0,,945
YOSNEA,100.0,temperature_column,100.0,,946
YOSQUV,173.0,temperature_column,173.0,,947
YUFMET,150.0,temperature_column,150.0,,948
YUFYEE,293.0,temperature_column,293.0,,949
YUGHUD,295.0,temperature_column,295.0,,950
YUGSAW,100.0,temperature_column,100.0,,951
YUTRIO,295.0,temperature_column,295.0,,952
YUZDAY,160.0,temperature_column,160.0,,953
ZALJIG,295.0,temperature_column,295.0,,954
ZAMGAY,103.0,temperature_column,103.0,,955
ZASCUR,295.0,temperature_column,295.0,,956
ZASMOX,150.0,temperature_column,150.0,,957
ZAXSAS,295.0,temperature_column,295.0,,958
ZECMUR,173.0,temperature_column,173.0,,959
ZEDWIQ,150.0,temperature_column,150.0,,960
ZEJJEF,173.0,temperature_column,173.0,,961
ZEJYOC,223.0,temperature_column,223.0,,962
ZEPJOW,100.0,temperature_column,100.0,,963
ZEPJUC,100.0,temperature_column,100.0,,964
ZESMOZ,295.0,temperature_column,295.0,,965
ZIHTAN,170.0,temperature_column,170.0,,966
ZISMUL,293.0,temperature_column,293.0,,967
ZITFUF,150.0,temperature_column,150.0,,968
ZOBVET,100.0,temperature_column,100.0,,969
ZOBWAQ,100.0,temperature_column,100.0,,970
ZOGPUI,250.0,temperature_column,250.0,,971
ZOKLIW,123.0,temperature_column,123.0,,972
ZOLCOU,100.0,temperature_column,100.0,,973
ZONXEH,123.0,temperature_column,123.0,,974
ZOQKIB,200.0,temperature_column,200.0,,975
ZOQYAF,153.0,temperature_column,153.0,,976
ZOYMUX,293.0,temperature_column,293.0,,977
ZUCBEH,120.0,temperature_column,120.0,,978
ZUCHEK,295.0,temperature_column,295.0,,979
ZUNRAE,123.0,temperature_column,123.0,,980
ZUSVOA,293.0,temperature_column,293.0,,981
ZUTCEW,295.0,temperature_column,295.0,,982
ZUVREN,193.0,temperature_column,193.0,,983
ZUXQEQ,93.0,temperature_column,93.0,,984
ZUZKIQ,123.0,temperature_column,123.0,,985
